id,name,mobile,username,password,role
ADM001,Amanda Ramirez,9947816063,ADM001,aman6063,admin
ADM002,Kayla Walker,9883585974,ADM002,kayl5974,admin
ADM003,Darrell Guzman,9721317486,ADM003,darr7486,admin
ADM004,Joseph Foley,9158481711,ADM004,jose1711,admin
ADM005,Joseph Shaw,9448986016,ADM005,jose6016,admin
ADM006,Larry Ford,9803625286,ADM006,larr5286,admin
ADM007,Christopher Stephens,9012268776,ADM007,chri8776,admin
ADM008,Hannah Petty,9386001458,ADM008,hann1458,admin
ADM009,Annette Thompson,9310392125,ADM009,anne2125,admin
ADM010,Michael Sanders,9540779802,ADM010,mich9802,admin
ADM011,John Lopez,9798009934,ADM011,john9934,admin
ADM012,Courtney Larsen,9715175953,ADM012,cour5953,admin
ADM013,Robert Thomas,9194472384,ADM013,robe2384,admin
ADM014,Vanessa Gray,9993150119,ADM014,vane0119,admin
ADM015,Ashley Martin DVM,9284124299,ADM015,ashl4299,admin
ADM016,Bonnie Howell,9240103988,ADM016,bonn3988,admin
ADM017,Francisco Jackson,9378010572,ADM017,fran0572,admin
ADM018,Tracey French,9431708549,ADM018,trac8549,admin
ADM019,Holly Garza,9016372609,ADM019,holl2609,admin
ADM020,Jessica Whitehead,9350438106,ADM020,jess8106,admin
ADM021,Shawn Hess,9062214815,ADM021,shaw4815,admin
ADM022,Mr. David Tyler,9187886039,ADM022,mr.6039,admin
ADM023,Brian Palmer,9030179465,ADM023,bria9465,admin
ADM024,Grant Buck,9793455655,ADM024,gran5655,admin
ADM025,David Ballard,9424735042,ADM025,davi5042,admin
ADM026,Jason Sellers,9220374151,ADM026,jaso4151,admin
ADM027,John Winters,9069004348,ADM027,john4348,admin
ADM028,Susan Coleman PhD,9952750309,ADM028,susa0309,admin
ADM029,Dr. Veronica Perkins,9648638710,ADM029,dr.8710,admin
ADM030,Bobby Harris,9304748020,ADM030,bobb8020,admin
ADM031,Jesus Vega,9842239514,ADM031,jesu9514,admin
ADM032,Adam Booth,9840510545,ADM032,adam0545,admin
ADM033,Karen Schneider,9606649097,ADM033,kare9097,admin
ADM034,Kenneth Cruz,9993305105,ADM034,kenn5105,admin
ADM035,Ashley Bell,9249015122,ADM035,ashl5122,admin
ADM036,Benjamin Walton,9634715009,ADM036,benj5009,admin
ADM037,Aaron Tyler,9332535969,ADM037,aaro5969,admin
ADM038,Melinda Koch,9545473515,ADM038,meli3515,admin
ADM039,Diane Peters,9485927395,ADM039,dian7395,admin
ADM040,Alexander Rosario,9150617391,ADM040,alex7391,admin
ADM041,Thomas Smith,9879924380,ADM041,thom4380,admin
ADM042,Christopher Wallace,9759981671,ADM042,chri1671,admin
ADM043,Matthew Hudson,9053782125,ADM043,matt2125,admin
ADM044,Michael Young,9264600125,ADM044,mich0125,admin
ADM045,Brittany Rivera,9961967548,ADM045,brit7548,admin
ADM046,Brandon Skinner,9448024157,ADM046,bran4157,admin
ADM047,Kristopher Mills,9778728069,ADM047,kris8069,admin
ADM048,Jessica Morgan,9112336554,ADM048,jess6554,admin
ADM049,Amanda Black,9272785841,ADM049,aman5841,admin
ADM050,Christopher Mcpherson,9403202749,ADM050,chri2749,admin
